timeStamp,elapsed,label,responseCode,responseMessage,threadName,dataType,success,failureMessage,bytes,sentBytes,grpThreads,allThreads,URL,Latency,IdleTime,Connect
1632163104843,1204,HTTP Request,204,No Content,DELETE API TEST 4-1,,false,Test failed: code expected to contain /200/,810,211,1,3,https://reqres.in/api/users/2,0,0,389
1632163106048,511,HTTP Request,204,No Content,DELETE API TEST 4-1,,false,Test failed: code expected to contain /200/,812,211,1,3,https://reqres.in/api/users/2,0,0,0
1632163107344,797,HTTP Request,204,No Content,DELETE API TEST 4-2,,false,Test failed: code expected to contain /200/,820,211,1,6,https://reqres.in/api/users/2,0,0,307
1632163108142,463,HTTP Request,204,No Content,DELETE API TEST 4-2,,false,Test failed: code expected to contain /200/,812,211,1,5,https://reqres.in/api/users/2,0,0,0
1632163109843,812,HTTP Request,204,No Content,DELETE API TEST 4-3,,false,Test failed: code expected to contain /200/,814,211,1,4,https://reqres.in/api/users/2,0,0,325
1632163110656,497,HTTP Request,204,No Content,DELETE API TEST 4-3,,false,Test failed: code expected to contain /200/,816,211,1,7,https://reqres.in/api/users/2,0,0,0
1632163112337,765,HTTP Request,204,No Content,DELETE API TEST 4-4,,false,Test failed: code expected to contain /200/,820,211,1,9,https://reqres.in/api/users/2,0,0,307
1632163113103,454,HTTP Request,204,No Content,DELETE API TEST 4-4,,false,Test failed: code expected to contain /200/,816,211,1,7,https://reqres.in/api/users/2,0,0,0
1632163154648,846,HTTP Request,204,No Content,DELETE API TEST 4-1,,true,,810,211,1,3,https://reqres.in/api/users/2,0,0,330
1632163155495,498,HTTP Request,204,No Content,DELETE API TEST 4-1,,true,,812,211,1,3,https://reqres.in/api/users/2,0,0,0
1632163157155,1131,HTTP Request,204,No Content,DELETE API TEST 4-2,,true,,810,211,1,5,https://reqres.in/api/users/2,0,0,313
1632163158285,516,HTTP Request,204,No Content,DELETE API TEST 4-2,,true,,816,211,1,8,https://reqres.in/api/users/2,0,0,0
1632163162150,850,HTTP Request,204,No Content,DELETE API TEST 4-4,,true,,818,211,2,9,https://reqres.in/api/users/2,0,0,328
1632163163001,533,HTTP Request,204,No Content,DELETE API TEST 4-4,,true,,822,211,2,8,https://reqres.in/api/users/2,0,0,0
1632163159650,21709,HTTP Request,204,No Content,DELETE API TEST 4-3,,false,"The operation lasted too long: It took 21,709 milliseconds, but should not have lasted longer than 3,000 milliseconds.",812,211,1,1,https://reqres.in/api/users/2,0,0,21251
1632163181360,464,HTTP Request,204,No Content,DELETE API TEST 4-3,,true,,812,211,1,1,https://reqres.in/api/users/2,0,0,0
1632163341942,797,HTTP Request,204,No Content,DELETE API TEST 4-1,,true,,822,211,1,4,https://reqres.in/api/users/2,0,0,300
1632163342741,451,HTTP Request,204,No Content,DELETE API TEST 4-1,,true,,812,211,1,4,https://reqres.in/api/users/2,0,0,0
1632163344441,796,HTTP Request,204,No Content,DELETE API TEST 4-2,,true,,814,211,1,5,https://reqres.in/api/users/2,0,0,311
1632163345238,461,HTTP Request,204,No Content,DELETE API TEST 4-2,,true,,818,211,1,4,https://reqres.in/api/users/2,0,0,0
1632163346944,1111,HTTP Request,204,No Content,DELETE API TEST 4-3,,true,,812,211,1,9,https://reqres.in/api/users/2,0,0,326
1632163348055,493,HTTP Request,204,No Content,DELETE API TEST 4-3,,true,,816,211,1,9,https://reqres.in/api/users/2,0,0,0
1632163349445,844,HTTP Request,204,No Content,DELETE API TEST 4-4,,true,,816,211,1,10,https://reqres.in/api/users/2,0,0,327
1632163350289,458,HTTP Request,204,No Content,DELETE API TEST 4-4,,true,,822,211,1,10,https://reqres.in/api/users/2,0,0,0
1632163405941,724,HTTP Request,204,No Content,DELETE API TEST 4-1,,true,,820,211,1,3,https://reqres.in/api/users/2,0,0,275
1632163406665,436,HTTP Request,204,No Content,DELETE API TEST 4-1,,true,,810,211,1,2,https://reqres.in/api/users/2,0,0,0
1632163408446,639,HTTP Request,204,No Content,DELETE API TEST 4-2,,true,,818,211,1,3,https://reqres.in/api/users/2,0,0,199
1632163409086,425,HTTP Request,204,No Content,DELETE API TEST 4-2,,true,,812,211,1,3,https://reqres.in/api/users/2,0,0,0
1632163410943,1174,HTTP Request,204,No Content,DELETE API TEST 4-3,,true,,820,211,1,6,https://reqres.in/api/users/2,0,0,192
1632163412119,803,HTTP Request,204,No Content,DELETE API TEST 4-3,,true,,814,211,1,6,https://reqres.in/api/users/2,0,0,0
1632163413444,662,HTTP Request,204,No Content,DELETE API TEST 4-4,,true,,812,211,1,6,https://reqres.in/api/users/2,0,0,202
1632163414108,422,HTTP Request,204,No Content,DELETE API TEST 4-4,,true,,816,211,1,5,https://reqres.in/api/users/2,0,0,0
1632163477527,680,HTTP Request,204,No Content,DELETE API TEST 4-1,,true,,818,211,1,3,https://reqres.in/api/users/2,0,0,221
1632163478208,504,HTTP Request,204,No Content,DELETE API TEST 4-1,,true,,814,211,1,4,https://reqres.in/api/users/2,0,0,0
1632163480030,825,HTTP Request,204,No Content,DELETE API TEST 4-2,,true,,814,211,1,4,https://reqres.in/api/users/2,0,0,205
1632163480856,480,HTTP Request,204,No Content,DELETE API TEST 4-2,,true,,822,211,1,3,https://reqres.in/api/users/2,0,0,0
1632163482526,677,HTTP Request,204,No Content,DELETE API TEST 4-3,,true,,818,211,1,3,https://reqres.in/api/users/2,0,0,205
1632163483204,475,HTTP Request,204,No Content,DELETE API TEST 4-3,,true,,816,211,1,7,https://reqres.in/api/users/2,0,0,0
1632163485029,654,HTTP Request,204,No Content,DELETE API TEST 4-4,,true,,814,211,1,7,https://reqres.in/api/users/2,0,0,205
1632163485683,418,HTTP Request,204,No Content,DELETE API TEST 4-4,,true,,818,211,1,5,https://reqres.in/api/users/2,0,0,0
