timeStamp,elapsed,label,responseCode,responseMessage,threadName,dataType,success,failureMessage,bytes,sentBytes,grpThreads,allThreads,URL,Latency,IdleTime,Connect
1632161506923,692,HTTP Request,201,Created,POST API TEST 3-1,text,false,Test failed: code expected to contain /200/,917,220,1,2,https://reqres.in/api/users,691,0,266
1632161507616,419,HTTP Request,201,Created,POST API TEST 3-1,text,false,Test failed: code expected to contain /200/,913,220,1,2,https://reqres.in/api/users,418,0,0
1632161508930,678,HTTP Request,201,Created,POST API TEST 3-2,text,false,Test failed: code expected to contain /200/,913,220,1,3,https://reqres.in/api/users,678,0,196
1632161509610,999,HTTP Request,201,Created,POST API TEST 3-2,text,false,Test failed: code expected to contain /200/,913,220,1,3,https://reqres.in/api/users,999,0,0
1632161510930,683,HTTP Request,201,Created,POST API TEST 3-3,text,false,Test failed: code expected to contain /200/,917,220,1,4,https://reqres.in/api/users,683,0,206
1632161511614,494,HTTP Request,201,Created,POST API TEST 3-3,text,false,Test failed: code expected to contain /200/,907,220,1,4,https://reqres.in/api/users,494,0,0
1632161512933,2064,HTTP Request,201,Created,POST API TEST 3-4,text,false,Test failed: code expected to contain /200/,907,220,2,6,https://reqres.in/api/users,2064,0,1284
1632161514998,1367,HTTP Request,201,Created,POST API TEST 3-4,text,false,Test failed: code expected to contain /200/,917,220,2,6,https://reqres.in/api/users,1366,0,0
1632161514924,1920,HTTP Request,201,Created,POST API TEST 3-5,text,false,Test failed: code expected to contain /200/,917,220,1,4,https://reqres.in/api/users,1920,0,1418
1632161516846,502,HTTP Request,201,Created,POST API TEST 3-5,text,false,Test failed: code expected to contain /200/,917,220,1,4,https://reqres.in/api/users,502,0,0
1632161579590,1074,HTTP Request,201,Created,POST API TEST 3-1,text,false,"The operation lasted too long: It took 1,074 milliseconds, but should not have lasted longer than 800 milliseconds.",913,220,1,2,https://reqres.in/api/users,1074,0,503
1632161580665,550,HTTP Request,201,Created,POST API TEST 3-1,text,true,,905,220,1,2,https://reqres.in/api/users,550,0,0
1632161581594,966,HTTP Request,201,Created,POST API TEST 3-2,text,false,"The operation lasted too long: It took 966 milliseconds, but should not have lasted longer than 800 milliseconds.",915,220,1,3,https://reqres.in/api/users,966,0,439
1632161582562,526,HTTP Request,201,Created,POST API TEST 3-2,text,true,,913,220,1,3,https://reqres.in/api/users,526,0,0
1632161583591,979,HTTP Request,201,Created,POST API TEST 3-3,text,false,"The operation lasted too long: It took 979 milliseconds, but should not have lasted longer than 800 milliseconds.",913,220,1,5,https://reqres.in/api/users,979,0,447
1632161584571,525,HTTP Request,201,Created,POST API TEST 3-3,text,true,,912,220,1,5,https://reqres.in/api/users,525,0,0
1632161587593,841,HTTP Request,201,Created,POST API TEST 3-5,text,false,"The operation lasted too long: It took 841 milliseconds, but should not have lasted longer than 800 milliseconds.",915,220,2,5,https://reqres.in/api/users,841,0,332
1632161588436,537,HTTP Request,201,Created,POST API TEST 3-5,text,true,,909,220,2,5,https://reqres.in/api/users,537,0,0
1632161585592,22912,HTTP Request,201,Created,POST API TEST 3-4,text,false,"The operation lasted too long: It took 22,912 milliseconds, but should not have lasted longer than 800 milliseconds.",908,220,1,1,https://reqres.in/api/users,22912,0,22401
1632161608506,468,HTTP Request,201,Created,POST API TEST 3-4,text,true,,923,220,1,1,https://reqres.in/api/users,468,0,0
1632163106841,836,HTTP Request,201,Created,POST API TEST 3-2,text,true,,907,220,2,6,https://reqres.in/api/users,836,0,316
1632163107678,489,HTTP Request,201,Created,POST API TEST 3-2,text,true,,913,220,2,6,https://reqres.in/api/users,489,0,0
1632163108840,886,HTTP Request,201,Created,POST API TEST 3-3,text,true,,911,220,2,5,https://reqres.in/api/users,886,0,327
1632163109727,463,HTTP Request,201,Created,POST API TEST 3-3,text,true,,911,220,2,6,https://reqres.in/api/users,463,0,0
1632163104841,21747,HTTP Request,201,Created,POST API TEST 3-1,text,false,"The operation lasted too long: It took 21,747 milliseconds, but should not have lasted longer than 1,100 milliseconds.",917,220,3,4,https://reqres.in/api/users,21747,0,21304
1632163126590,451,HTTP Request,201,Created,POST API TEST 3-1,text,true,,919,220,3,4,https://reqres.in/api/users,451,0,0
1632163110841,21702,HTTP Request,201,Created,POST API TEST 3-4,text,false,"The operation lasted too long: It took 21,702 milliseconds, but should not have lasted longer than 1,100 milliseconds.",916,220,2,2,https://reqres.in/api/users,21702,0,21237
1632163132544,434,HTTP Request,201,Created,POST API TEST 3-4,text,true,,909,220,2,2,https://reqres.in/api/users,434,0,0
1632163112842,21705,HTTP Request,201,Created,POST API TEST 3-5,text,false,"The operation lasted too long: It took 21,705 milliseconds, but should not have lasted longer than 1,100 milliseconds.",911,220,1,1,https://reqres.in/api/users,21705,0,21228
1632163134548,477,HTTP Request,201,Created,POST API TEST 3-5,text,true,,913,220,1,1,https://reqres.in/api/users,477,0,0
1632163158654,786,HTTP Request,201,Created,POST API TEST 3-3,text,true,,911,220,3,6,https://reqres.in/api/users,786,0,295
1632163159441,503,HTTP Request,201,Created,POST API TEST 3-3,text,true,,919,220,3,7,https://reqres.in/api/users,503,0,0
1632163160657,772,HTTP Request,201,Created,POST API TEST 3-4,text,true,,913,220,3,7,https://reqres.in/api/users,772,0,285
1632163161430,505,HTTP Request,201,Created,POST API TEST 3-4,text,true,,915,220,3,7,https://reqres.in/api/users,505,0,0
1632163162638,760,HTTP Request,201,Created,POST API TEST 3-5,text,true,,911,220,3,8,https://reqres.in/api/users,760,0,305
1632163163400,487,HTTP Request,201,Created,POST API TEST 3-5,text,true,,913,220,3,7,https://reqres.in/api/users,487,0,0
1632163154647,21654,HTTP Request,201,Created,POST API TEST 3-1,text,false,"The operation lasted too long: It took 21,654 milliseconds, but should not have lasted longer than 1,100 milliseconds.",921,220,2,4,https://reqres.in/api/users,21654,0,21224
1632163176302,475,HTTP Request,201,Created,POST API TEST 3-1,text,true,,911,220,2,4,https://reqres.in/api/users,474,0,0
1632163156649,21967,HTTP Request,201,Created,POST API TEST 3-2,text,false,"The operation lasted too long: It took 21,967 milliseconds, but should not have lasted longer than 1,100 milliseconds.",911,220,1,3,https://reqres.in/api/users,21967,0,21239
1632163178616,470,HTTP Request,201,Created,POST API TEST 3-2,text,true,,913,220,1,3,https://reqres.in/api/users,470,0,0
1632163341933,807,HTTP Request,201,Created,POST API TEST 3-1,text,true,,908,220,1,4,https://reqres.in/api/users,807,0,308
1632163342742,513,HTTP Request,201,Created,POST API TEST 3-1,text,true,,921,220,1,3,https://reqres.in/api/users,512,0,0
1632163347937,843,HTTP Request,201,Created,POST API TEST 3-4,text,true,,917,220,3,8,https://reqres.in/api/users,843,0,329
1632163348781,458,HTTP Request,201,Created,POST API TEST 3-4,text,true,,917,220,3,8,https://reqres.in/api/users,458,0,0
1632163349937,808,HTTP Request,201,Created,POST API TEST 3-5,text,true,,909,220,3,10,https://reqres.in/api/users,808,0,330
1632163350746,499,HTTP Request,201,Created,POST API TEST 3-5,text,true,,915,220,3,9,https://reqres.in/api/users,498,0,0
1632163343938,22005,HTTP Request,201,Created,POST API TEST 3-2,text,false,"The operation lasted too long: It took 22,005 milliseconds, but should not have lasted longer than 1,100 milliseconds.",913,220,2,4,https://reqres.in/api/users,22005,0,21243
1632163365944,448,HTTP Request,201,Created,POST API TEST 3-2,text,true,,919,220,2,4,https://reqres.in/api/users,448,0,0
1632163345938,21720,HTTP Request,201,Created,POST API TEST 3-3,text,false,"The operation lasted too long: It took 21,720 milliseconds, but should not have lasted longer than 1,100 milliseconds.",911,220,1,3,https://reqres.in/api/users,21720,0,21254
1632163367660,453,HTTP Request,201,Created,POST API TEST 3-3,text,true,,915,220,1,3,https://reqres.in/api/users,453,0,0
1632163405941,712,HTTP Request,201,Created,POST API TEST 3-1,text,true,,911,220,1,3,https://reqres.in/api/users,712,0,250
1632163406653,443,HTTP Request,201,Created,POST API TEST 3-1,text,true,,915,220,1,3,https://reqres.in/api/users,443,0,0
1632163407941,631,HTTP Request,201,Created,POST API TEST 3-2,text,true,,911,220,1,4,https://reqres.in/api/users,631,0,202
1632163408573,429,HTTP Request,201,Created,POST API TEST 3-2,text,true,,913,220,1,4,https://reqres.in/api/users,429,0,0
1632163409940,662,HTTP Request,201,Created,POST API TEST 3-3,text,true,,908,220,1,3,https://reqres.in/api/users,662,0,196
1632163410603,452,HTTP Request,201,Created,POST API TEST 3-3,text,true,,913,220,1,5,https://reqres.in/api/users,452,0,0
1632163411941,1568,HTTP Request,201,Created,POST API TEST 3-4,text,false,"The operation lasted too long: It took 1,568 milliseconds, but should not have lasted longer than 1,100 milliseconds.",917,220,1,6,https://reqres.in/api/users,1568,0,798
1632163413510,475,HTTP Request,201,Created,POST API TEST 3-4,text,true,,907,220,2,8,https://reqres.in/api/users,475,0,0
1632163413947,697,HTTP Request,201,Created,POST API TEST 3-5,text,true,,917,220,1,4,https://reqres.in/api/users,697,0,201
1632163414646,458,HTTP Request,201,Created,POST API TEST 3-5,text,true,,913,220,1,4,https://reqres.in/api/users,457,0,0
1632163477526,936,HTTP Request,201,Created,POST API TEST 3-1,text,true,,909,220,1,3,https://reqres.in/api/users,936,0,214
1632163478463,473,HTTP Request,201,Created,POST API TEST 3-1,text,true,,909,220,1,2,https://reqres.in/api/users,473,0,0
1632163479528,675,HTTP Request,201,Created,POST API TEST 3-2,text,true,,913,220,1,4,https://reqres.in/api/users,675,0,188
1632163480204,454,HTTP Request,201,Created,POST API TEST 3-2,text,true,,911,220,1,5,https://reqres.in/api/users,454,0,0
1632163481529,618,HTTP Request,201,Created,POST API TEST 3-3,text,true,,913,220,1,4,https://reqres.in/api/users,618,0,194
1632163482147,412,HTTP Request,201,Created,POST API TEST 3-3,text,true,,915,220,1,6,https://reqres.in/api/users,412,0,0
1632163483528,648,HTTP Request,201,Created,POST API TEST 3-4,text,true,,912,220,1,4,https://reqres.in/api/users,648,0,196
1632163484176,423,HTTP Request,201,Created,POST API TEST 3-4,text,true,,909,220,1,4,https://reqres.in/api/users,423,0,0
1632163485527,657,HTTP Request,201,Created,POST API TEST 3-5,text,true,,917,220,1,4,https://reqres.in/api/users,657,0,206
1632163486185,427,HTTP Request,201,Created,POST API TEST 3-5,text,true,,913,220,1,4,https://reqres.in/api/users,427,0,0
