timeStamp,elapsed,label,responseCode,responseMessage,threadName,dataType,success,failureMessage,bytes,sentBytes,grpThreads,allThreads,URL,Latency,IdleTime,Connect
1632163346943,400,HTTP Request,200,OK,PATCH API TEST 5-2,text,true,,1202,275,2,7,https://reqres.in/api/users/2,400,0,301
1632163347344,109,HTTP Request,200,OK,PATCH API TEST 5-2,text,true,,1196,275,2,7,https://reqres.in/api/users/2,109,0,0
1632163347454,94,HTTP Request,200,OK,PATCH API TEST 5-2,text,true,,1198,275,2,7,https://reqres.in/api/users/2,94,0,0
1632163341939,21317,HTTP Request,200,OK,PATCH API TEST 5-1,text,false,"The operation lasted too long: It took 21,317 milliseconds, but should not have lasted longer than 4,000 milliseconds.",1190,275,1,5,https://reqres.in/api/users/2,21317,0,21252
1632163363257,66,HTTP Request,200,OK,PATCH API TEST 5-1,text,true,,1200,275,1,5,https://reqres.in/api/users/2,66,0,0
1632163363323,65,HTTP Request,200,OK,PATCH API TEST 5-1,text,true,,1200,275,1,5,https://reqres.in/api/users/2,65,0,0
1632163405951,314,HTTP Request,200,OK,PATCH API TEST 5-1,text,true,,1204,275,1,5,https://reqres.in/api/users/2,314,0,250
1632163406266,64,HTTP Request,200,OK,PATCH API TEST 5-1,text,true,,1198,275,1,5,https://reqres.in/api/users/2,64,0,0
1632163406330,64,HTTP Request,200,OK,PATCH API TEST 5-1,text,true,,1196,275,1,4,https://reqres.in/api/users/2,64,0,0
1632163410955,283,HTTP Request,200,OK,PATCH API TEST 5-2,text,true,,1198,275,1,4,https://reqres.in/api/users/2,283,0,203
1632163411239,70,HTTP Request,200,OK,PATCH API TEST 5-2,text,true,,1200,275,1,4,https://reqres.in/api/users/2,70,0,0
1632163411310,75,HTTP Request,200,OK,PATCH API TEST 5-2,text,true,,1196,275,1,4,https://reqres.in/api/users/2,75,0,0
1632163477528,269,HTTP Request,200,OK,PATCH API TEST 5-1,text,true,,1192,275,1,5,https://reqres.in/api/users/2,269,0,209
1632163477797,68,HTTP Request,200,OK,PATCH API TEST 5-1,text,true,,1200,275,1,5,https://reqres.in/api/users/2,68,0,0
1632163477865,63,HTTP Request,200,OK,PATCH API TEST 5-1,text,true,,1192,275,1,4,https://reqres.in/api/users/2,63,0,0
1632163478534,258,HTTP Request,200,OK,PATCH API TEST 5-2,text,true,,1196,275,1,3,https://reqres.in/api/users/2,258,0,197
1632163478794,61,HTTP Request,200,OK,PATCH API TEST 5-2,text,true,,1202,275,1,3,https://reqres.in/api/users/2,61,0,0
1632163478855,61,HTTP Request,200,OK,PATCH API TEST 5-2,text,true,,1198,275,1,3,https://reqres.in/api/users/2,61,0,0
1632163479531,250,HTTP Request,200,OK,PATCH API TEST 5-3,text,true,,1194,275,1,5,https://reqres.in/api/users/2,250,0,185
1632163479781,66,HTTP Request,200,OK,PATCH API TEST 5-3,text,true,,1198,275,1,4,https://reqres.in/api/users/2,66,0,0
1632163479847,66,HTTP Request,200,OK,PATCH API TEST 5-3,text,true,,1194,275,1,4,https://reqres.in/api/users/2,66,0,0
1632163480526,289,HTTP Request,200,OK,PATCH API TEST 5-4,text,true,,1200,275,1,4,https://reqres.in/api/users/2,289,0,218
1632163480816,67,HTTP Request,200,OK,PATCH API TEST 5-4,text,true,,1192,275,1,4,https://reqres.in/api/users/2,67,0,0
1632163480884,66,HTTP Request,200,OK,PATCH API TEST 5-4,text,true,,1198,275,1,4,https://reqres.in/api/users/2,66,0,0
1632163481531,250,HTTP Request,200,OK,PATCH API TEST 5-5,text,true,,1190,275,1,6,https://reqres.in/api/users/2,250,0,189
1632163481781,64,HTTP Request,200,OK,PATCH API TEST 5-5,text,true,,1200,275,1,6,https://reqres.in/api/users/2,63,0,0
1632163481845,59,HTTP Request,200,OK,PATCH API TEST 5-5,text,true,,1200,275,1,5,https://reqres.in/api/users/2,59,0,0
1632163482532,255,HTTP Request,200,OK,PATCH API TEST 5-6,text,true,,1200,275,1,4,https://reqres.in/api/users/2,255,0,197
1632163482788,62,HTTP Request,200,OK,PATCH API TEST 5-6,text,true,,1194,275,1,4,https://reqres.in/api/users/2,62,0,0
1632163482851,60,HTTP Request,200,OK,PATCH API TEST 5-6,text,true,,1196,275,1,4,https://reqres.in/api/users/2,60,0,0
1632163483534,264,HTTP Request,200,OK,PATCH API TEST 5-7,text,true,,1202,275,1,6,https://reqres.in/api/users/2,264,0,196
1632163483799,70,HTTP Request,200,OK,PATCH API TEST 5-7,text,true,,1200,275,1,5,https://reqres.in/api/users/2,69,0,0
1632163483869,68,HTTP Request,200,OK,PATCH API TEST 5-7,text,true,,1200,275,1,5,https://reqres.in/api/users/2,68,0,0
1632163484531,272,HTTP Request,200,OK,PATCH API TEST 5-8,text,true,,1194,275,1,3,https://reqres.in/api/users/2,272,0,203
1632163484804,62,HTTP Request,200,OK,PATCH API TEST 5-8,text,true,,1194,275,1,3,https://reqres.in/api/users/2,62,0,0
1632163484867,68,HTTP Request,200,OK,PATCH API TEST 5-8,text,true,,1196,275,1,3,https://reqres.in/api/users/2,68,0,0
1632163485531,280,HTTP Request,200,OK,PATCH API TEST 5-9,text,true,,1194,275,1,7,https://reqres.in/api/users/2,279,0,212
1632163485811,68,HTTP Request,200,OK,PATCH API TEST 5-9,text,true,,1194,275,1,7,https://reqres.in/api/users/2,68,0,0
1632163485879,65,HTTP Request,200,OK,PATCH API TEST 5-9,text,true,,1200,275,1,6,https://reqres.in/api/users/2,65,0,0
1632163486532,267,HTTP Request,200,OK,PATCH API TEST 5-10,text,true,,1194,275,1,3,https://reqres.in/api/users/2,267,0,198
1632163486799,61,HTTP Request,200,OK,PATCH API TEST 5-10,text,true,,1200,275,1,3,https://reqres.in/api/users/2,61,0,0
1632163486861,62,HTTP Request,200,OK,PATCH API TEST 5-10,text,true,,1198,275,1,3,https://reqres.in/api/users/2,62,0,0
