timeStamp,elapsed,label,responseCode,responseMessage,threadName,dataType,success,failureMessage,bytes,sentBytes,grpThreads,allThreads,URL,Latency,IdleTime,Connect
1632112931683,3783,HTTP Request,200,OK,Thread Group 1-1,text,true,,43397,267,2,2,https://lifecharger.org/2-minute-rule/,2024,0,912
1632112931683,2024,HTTP Request-0,301,Moved Permanently,Thread Group 1-1,text,true,,979,133,2,2,https://lifecharger.org/2-minute-rule,2024,0,912
1632112933708,1758,HTTP Request-1,200,OK,Thread Group 1-1,text,true,,42418,134,2,2,https://lifecharger.org/2-minute-rule/,1224,0,0
1632112933686,3742,HTTP Request,200,OK,Thread Group 1-2,text,true,,43397,267,2,2,https://lifecharger.org/2-minute-rule/,2055,0,827
1632112933686,2055,HTTP Request-0,301,Moved Permanently,Thread Group 1-2,text,true,,979,133,2,2,https://lifecharger.org/2-minute-rule,2055,0,827
1632112935741,1687,HTTP Request-1,200,OK,Thread Group 1-2,text,true,,42418,134,2,2,https://lifecharger.org/2-minute-rule/,1163,0,0
1632112937691,3399,HTTP Request,200,OK,Thread Group 1-4,text,true,,43397,267,3,3,https://lifecharger.org/2-minute-rule/,1901,0,833
1632112937691,1901,HTTP Request-0,301,Moved Permanently,Thread Group 1-4,text,true,,979,133,3,3,https://lifecharger.org/2-minute-rule,1901,0,833
1632112939593,1497,HTTP Request-1,200,OK,Thread Group 1-4,text,true,,42418,134,3,3,https://lifecharger.org/2-minute-rule/,1228,0,0
1632112935685,5635,HTTP Request,200,OK,Thread Group 1-3,text,true,,43407,267,2,2,https://lifecharger.org/2-minute-rule/,1866,0,802
1632112935685,1866,HTTP Request-0,301,Moved Permanently,Thread Group 1-3,text,true,,979,133,2,2,https://lifecharger.org/2-minute-rule,1866,0,802
1632112937551,3769,HTTP Request-1,200,OK,Thread Group 1-3,text,true,,42428,134,2,2,https://lifecharger.org/2-minute-rule/,1136,0,0
1632112939683,6885,HTTP Request,200,OK,Thread Group 1-5,text,true,,43397,267,1,1,https://lifecharger.org/2-minute-rule/,4584,0,2679
1632112939683,4584,HTTP Request-0,301,Moved Permanently,Thread Group 1-5,text,true,,979,133,1,1,https://lifecharger.org/2-minute-rule,4584,0,2679
1632112944267,2301,HTTP Request-1,200,OK,Thread Group 1-5,text,true,,42418,134,1,1,https://lifecharger.org/2-minute-rule/,1450,0,0
1632113482924,3651,HTTP Request,200,OK,Thread Group 1-1,text,true,,43397,267,2,2,https://lifecharger.org/2-minute-rule/,1927,0,873
1632113482924,1927,HTTP Request-0,301,Moved Permanently,Thread Group 1-1,text,true,,979,133,2,2,https://lifecharger.org/2-minute-rule,1927,0,873
1632113484852,1723,HTTP Request-1,200,OK,Thread Group 1-1,text,true,,42418,134,2,2,https://lifecharger.org/2-minute-rule/,1201,0,0
1632113484924,3595,HTTP Request,200,OK,Thread Group 1-2,text,true,,43397,267,2,2,https://lifecharger.org/2-minute-rule/,1986,0,828
1632113484924,1986,HTTP Request-0,301,Moved Permanently,Thread Group 1-2,text,true,,979,133,2,2,https://lifecharger.org/2-minute-rule,1986,0,828
1632113486911,1608,HTTP Request-1,200,OK,Thread Group 1-2,text,true,,42418,134,2,2,https://lifecharger.org/2-minute-rule/,1083,0,0
1632113486934,3160,HTTP Request,200,OK,Thread Group 1-3,text,true,,43431,267,2,2,https://lifecharger.org/2-minute-rule/,1792,0,846
1632113486934,1792,HTTP Request-0,301,Moved Permanently,Thread Group 1-3,text,true,,979,133,2,2,https://lifecharger.org/2-minute-rule,1792,0,846
1632113488726,1368,HTTP Request-1,200,OK,Thread Group 1-3,text,true,,42452,134,2,2,https://lifecharger.org/2-minute-rule/,1084,0,0
1632113488921,3336,HTTP Request,200,OK,Thread Group 1-4,text,true,,43402,267,2,2,https://lifecharger.org/2-minute-rule/,1899,0,839
1632113488921,1899,HTTP Request-0,301,Moved Permanently,Thread Group 1-4,text,true,,979,133,2,2,https://lifecharger.org/2-minute-rule,1899,0,839
1632113490821,1436,HTTP Request-1,200,OK,Thread Group 1-4,text,true,,42423,134,2,2,https://lifecharger.org/2-minute-rule/,1164,0,0
1632113490924,3567,HTTP Request,200,OK,Thread Group 1-5,text,true,,43402,267,1,1,https://lifecharger.org/2-minute-rule/,1968,0,819
1632113490924,1968,HTTP Request-0,301,Moved Permanently,Thread Group 1-5,text,true,,979,133,1,1,https://lifecharger.org/2-minute-rule,1968,0,819
1632113492893,1598,HTTP Request-1,200,OK,Thread Group 1-5,text,true,,42423,134,1,1,https://lifecharger.org/2-minute-rule/,1081,0,0
1632113551596,4158,HTTP Request,200,OK,Thread Group 1-1,text,true,,43397,267,3,3,https://lifecharger.org/2-minute-rule/,2536,0,842
1632113551596,2536,HTTP Request-0,301,Moved Permanently,Thread Group 1-1,text,true,,979,133,3,3,https://lifecharger.org/2-minute-rule,2536,0,842
1632113554132,1622,HTTP Request-1,200,OK,Thread Group 1-1,text,true,,42418,134,3,3,https://lifecharger.org/2-minute-rule/,1091,0,0
1632113553592,3372,HTTP Request,200,OK,Thread Group 1-2,text,true,,43402,267,2,2,https://lifecharger.org/2-minute-rule/,1926,0,846
1632113553592,1926,HTTP Request-0,301,Moved Permanently,Thread Group 1-2,text,true,,979,133,2,2,https://lifecharger.org/2-minute-rule,1926,0,846
1632113555519,1445,HTTP Request-1,200,OK,Thread Group 1-2,text,true,,42423,134,2,2,https://lifecharger.org/2-minute-rule/,1154,0,0
1632113555588,3357,HTTP Request,200,OK,Thread Group 1-3,text,true,,43402,267,2,2,https://lifecharger.org/2-minute-rule/,1893,0,829
1632113555588,1893,HTTP Request-0,301,Moved Permanently,Thread Group 1-3,text,true,,979,133,2,2,https://lifecharger.org/2-minute-rule,1893,0,829
1632113557482,1463,HTTP Request-1,200,OK,Thread Group 1-3,text,true,,42423,134,2,2,https://lifecharger.org/2-minute-rule/,1195,0,0
1632113557589,3557,HTTP Request,200,OK,Thread Group 1-4,text,true,,43397,267,2,2,https://lifecharger.org/2-minute-rule/,1908,0,828
1632113557589,1908,HTTP Request-0,301,Moved Permanently,Thread Group 1-4,text,true,,979,133,2,2,https://lifecharger.org/2-minute-rule,1908,0,828
1632113559497,1649,HTTP Request-1,200,OK,Thread Group 1-4,text,true,,42418,134,2,2,https://lifecharger.org/2-minute-rule/,1121,0,0
1632113559589,3466,HTTP Request,200,OK,Thread Group 1-5,text,true,,43397,267,1,1,https://lifecharger.org/2-minute-rule/,2092,0,851
1632113559589,2092,HTTP Request-0,301,Moved Permanently,Thread Group 1-5,text,true,,979,133,1,1,https://lifecharger.org/2-minute-rule,2092,0,851
1632113561681,1374,HTTP Request-1,200,OK,Thread Group 1-5,text,true,,42418,134,1,1,https://lifecharger.org/2-minute-rule/,1105,0,0
1632113658573,1332,HTTP Request,500,Internal Server Error,Thread Group 1-5,text,false,,895,133,5,5,https://lifecharger.org/2-minute-rule,1332,0,832
1632113650573,21335,HTTP Request,200,OK,Thread Group 1-1,text,false,"The operation lasted too long: It took 21,335 milliseconds, but should not have lasted longer than 4,500 milliseconds.",43397,267,4,4,https://lifecharger.org/2-minute-rule/,9936,0,874
1632113650573,9936,HTTP Request-0,301,Moved Permanently,Thread Group 1-1,text,true,,979,133,4,4,https://lifecharger.org/2-minute-rule,9936,0,874
1632113660509,11399,HTTP Request-1,200,OK,Thread Group 1-1,text,true,,42418,134,4,4,https://lifecharger.org/2-minute-rule/,10870,0,0
1632113652570,21386,HTTP Request,200,OK,Thread Group 1-2,text,false,"The operation lasted too long: It took 21,386 milliseconds, but should not have lasted longer than 4,500 milliseconds.",43397,267,3,3,https://lifecharger.org/2-minute-rule/,11924,0,822
1632113652570,11924,HTTP Request-0,301,Moved Permanently,Thread Group 1-2,text,true,,979,133,3,3,https://lifecharger.org/2-minute-rule,11924,0,822
1632113664494,9462,HTTP Request-1,200,OK,Thread Group 1-2,text,true,,42418,134,3,3,https://lifecharger.org/2-minute-rule/,8942,0,0
1632113654568,26189,HTTP Request,200,OK,Thread Group 1-3,text,false,"The operation lasted too long: It took 26,189 milliseconds, but should not have lasted longer than 4,500 milliseconds.",43402,267,2,2,https://lifecharger.org/2-minute-rule/,13920,0,855
1632113654568,13920,HTTP Request-0,301,Moved Permanently,Thread Group 1-3,text,true,,979,133,2,2,https://lifecharger.org/2-minute-rule,13920,0,855
1632113668489,12268,HTTP Request-1,200,OK,Thread Group 1-3,text,true,,42423,134,2,2,https://lifecharger.org/2-minute-rule/,11985,0,0
1632113656572,26817,HTTP Request,200,OK,Thread Group 1-4,text,false,"The operation lasted too long: It took 26,817 milliseconds, but should not have lasted longer than 4,500 milliseconds.",43397,267,1,1,https://lifecharger.org/2-minute-rule/,11800,0,836
1632113656572,11800,HTTP Request-0,301,Moved Permanently,Thread Group 1-4,text,true,,979,133,1,1,https://lifecharger.org/2-minute-rule,11800,0,836
1632113668372,15017,HTTP Request-1,200,OK,Thread Group 1-4,text,true,,42418,134,1,1,https://lifecharger.org/2-minute-rule/,14120,0,0
1632113884586,4139,HTTP Request,200,OK,Thread Group 1-1,text,false,Test failed: code expected to contain /201/,43397,267,3,3,https://lifecharger.org/2-minute-rule/,2113,0,937
1632113884586,2113,HTTP Request-0,301,Moved Permanently,Thread Group 1-1,text,true,,979,133,3,3,https://lifecharger.org/2-minute-rule,2113,0,937
1632113886699,2026,HTTP Request-1,200,OK,Thread Group 1-1,text,true,,42418,134,3,3,https://lifecharger.org/2-minute-rule/,1495,0,0
1632113886587,3769,HTTP Request,200,OK,Thread Group 1-2,text,false,Test failed: code expected to contain /201/,43402,267,2,2,https://lifecharger.org/2-minute-rule/,2186,0,834
1632113886587,2186,HTTP Request-0,301,Moved Permanently,Thread Group 1-2,text,true,,979,133,2,2,https://lifecharger.org/2-minute-rule,2186,0,834
1632113888773,1583,HTTP Request-1,200,OK,Thread Group 1-2,text,true,,42423,134,2,2,https://lifecharger.org/2-minute-rule/,1316,0,0
1632113888587,3541,HTTP Request,200,OK,Thread Group 1-3,text,false,Test failed: code expected to contain /201/,43397,267,2,2,https://lifecharger.org/2-minute-rule/,2004,0,835
1632113888587,2004,HTTP Request-0,301,Moved Permanently,Thread Group 1-3,text,true,,979,133,2,2,https://lifecharger.org/2-minute-rule,2004,0,835
1632113890594,1534,HTTP Request-1,200,OK,Thread Group 1-3,text,true,,42418,134,2,2,https://lifecharger.org/2-minute-rule/,1255,0,0
1632113890597,3517,HTTP Request,200,OK,Thread Group 1-4,text,false,Test failed: code expected to contain /201/,43397,267,2,2,https://lifecharger.org/2-minute-rule/,1966,0,826
1632113890597,1966,HTTP Request-0,301,Moved Permanently,Thread Group 1-4,text,true,,979,133,2,2,https://lifecharger.org/2-minute-rule,1966,0,826
1632113892563,1551,HTTP Request-1,200,OK,Thread Group 1-4,text,true,,42418,134,2,2,https://lifecharger.org/2-minute-rule/,1278,0,0
1632113892585,3945,HTTP Request,200,OK,Thread Group 1-5,text,false,Test failed: code expected to contain /201/,43397,267,1,1,https://lifecharger.org/2-minute-rule/,2081,0,805
1632113892585,2081,HTTP Request-0,301,Moved Permanently,Thread Group 1-5,text,true,,979,133,1,1,https://lifecharger.org/2-minute-rule,2081,0,805
1632113894667,1863,HTTP Request-1,200,OK,Thread Group 1-5,text,true,,42418,134,1,1,https://lifecharger.org/2-minute-rule/,1596,0,0
1632113944009,3339,HTTP Request,200,OK,Thread Group 1-1,text,true,,43402,267,2,2,https://lifecharger.org/2-minute-rule/,1909,0,855
1632113944009,1909,HTTP Request-0,301,Moved Permanently,Thread Group 1-1,text,true,,979,133,2,2,https://lifecharger.org/2-minute-rule,1909,0,855
1632113945919,1429,HTTP Request-1,200,OK,Thread Group 1-1,text,true,,42423,134,2,2,https://lifecharger.org/2-minute-rule/,1145,0,0
1632113946007,3769,HTTP Request,200,OK,Thread Group 1-2,text,true,,43397,267,2,2,https://lifecharger.org/2-minute-rule/,2027,0,828
1632113946007,2027,HTTP Request-0,301,Moved Permanently,Thread Group 1-2,text,true,,979,133,2,2,https://lifecharger.org/2-minute-rule,2027,0,828
1632113948034,1742,HTTP Request-1,200,OK,Thread Group 1-2,text,true,,42418,134,2,2,https://lifecharger.org/2-minute-rule/,1208,0,0
1632113948006,3559,HTTP Request,200,OK,Thread Group 1-3,text,true,,43402,267,2,2,https://lifecharger.org/2-minute-rule/,1853,0,838
1632113948006,1853,HTTP Request-0,301,Moved Permanently,Thread Group 1-3,text,true,,979,133,2,2,https://lifecharger.org/2-minute-rule,1853,0,838
1632113949860,1705,HTTP Request-1,200,OK,Thread Group 1-3,text,true,,42423,134,2,2,https://lifecharger.org/2-minute-rule/,1149,0,0
1632113950022,3779,HTTP Request,200,OK,Thread Group 1-4,text,true,,43397,267,2,2,https://lifecharger.org/2-minute-rule/,2016,0,842
1632113950022,2017,HTTP Request-0,301,Moved Permanently,Thread Group 1-4,text,true,,979,133,2,2,https://lifecharger.org/2-minute-rule,2016,0,842
1632113952039,1762,HTTP Request-1,200,OK,Thread Group 1-4,text,true,,42418,134,2,2,https://lifecharger.org/2-minute-rule/,1228,0,0
1632113952006,4026,HTTP Request,200,OK,Thread Group 1-5,text,true,,43397,267,1,1,https://lifecharger.org/2-minute-rule/,2072,0,860
1632113952006,2072,HTTP Request-0,301,Moved Permanently,Thread Group 1-5,text,true,,979,133,1,1,https://lifecharger.org/2-minute-rule,2072,0,860
1632113954078,1954,HTTP Request-1,200,OK,Thread Group 1-5,text,true,,42418,134,1,1,https://lifecharger.org/2-minute-rule/,1408,0,0
1632160992048,4185,HTTP Request,200,OK,Thread Group 1-1,text,true,,43407,267,3,3,https://lifecharger.org/2-minute-rule/,2329,0,1165
1632160992048,2329,HTTP Request-0,301,Moved Permanently,Thread Group 1-1,text,true,,979,133,3,3,https://lifecharger.org/2-minute-rule,2329,0,1165
1632160994378,1855,HTTP Request-1,200,OK,Thread Group 1-1,text,true,,42428,134,3,3,https://lifecharger.org/2-minute-rule/,1250,0,0
1632160996236,1751,HTTP Request,200,OK,Thread Group 1-1,text,false,"The operation lasted too long: It took 1,751 milliseconds, but should not have lasted longer than 350 milliseconds.",1949,130,3,3,https://reqres.in/api/users?page=2,1750,0,1606
1632160994040,6432,HTTP Request,200,OK,Thread Group 1-2,text,false,"The operation lasted too long: It took 6,432 milliseconds, but should not have lasted longer than 4,500 milliseconds.",43402,267,4,4,https://lifecharger.org/2-minute-rule/,3198,0,2008
1632160994040,3198,HTTP Request-0,301,Moved Permanently,Thread Group 1-2,text,true,,979,133,4,4,https://lifecharger.org/2-minute-rule,3198,0,2008
1632160997238,3234,HTTP Request-1,200,OK,Thread Group 1-2,text,true,,42423,134,4,4,https://lifecharger.org/2-minute-rule/,1288,0,0
1632160998047,6462,HTTP Request,200,OK,Thread Group 1-4,text,false,"The operation lasted too long: It took 6,462 milliseconds, but should not have lasted longer than 4,500 milliseconds.",43397,267,4,4,https://lifecharger.org/2-minute-rule/,2308,0,1074
1632160998047,2308,HTTP Request-0,301,Moved Permanently,Thread Group 1-4,text,true,,979,133,4,4,https://lifecharger.org/2-minute-rule,2308,0,1074
1632161000354,4155,HTTP Request-1,200,OK,Thread Group 1-4,text,true,,42418,134,4,4,https://lifecharger.org/2-minute-rule/,2104,0,0
1632161004512,566,HTTP Request,200,OK,Thread Group 1-4,text,false,"The operation lasted too long: It took 566 milliseconds, but should not have lasted longer than 350 milliseconds.",1943,130,4,4,https://reqres.in/api/users?page=2,566,0,435
1632160996038,9097,HTTP Request,200,OK,Thread Group 1-3,text,false,"The operation lasted too long: It took 9,097 milliseconds, but should not have lasted longer than 4,500 milliseconds.",43397,267,3,3,https://lifecharger.org/2-minute-rule/,4614,0,3374
1632160996038,4614,HTTP Request-0,301,Moved Permanently,Thread Group 1-3,text,true,,979,133,3,3,https://lifecharger.org/2-minute-rule,4614,0,3374
1632161000652,4483,HTTP Request-1,200,OK,Thread Group 1-3,text,true,,42418,134,3,3,https://lifecharger.org/2-minute-rule/,1403,0,0
1632161000033,5144,HTTP Request,200,OK,Thread Group 1-5,text,false,"The operation lasted too long: It took 5,144 milliseconds, but should not have lasted longer than 4,500 milliseconds.",43402,267,3,3,https://lifecharger.org/2-minute-rule/,2209,0,852
1632161000033,2209,HTTP Request-0,301,Moved Permanently,Thread Group 1-5,text,true,,979,133,3,3,https://lifecharger.org/2-minute-rule,2209,0,852
1632161002242,2935,HTTP Request-1,200,OK,Thread Group 1-5,text,true,,42423,134,3,3,https://lifecharger.org/2-minute-rule/,2006,0,0
1632161005184,537,HTTP Request,200,OK,Thread Group 1-5,text,false,"The operation lasted too long: It took 537 milliseconds, but should not have lasted longer than 350 milliseconds.",1945,130,3,3,https://reqres.in/api/users?page=2,535,0,436
1632161005139,682,HTTP Request,200,OK,Thread Group 1-3,text,false,"The operation lasted too long: It took 682 milliseconds, but should not have lasted longer than 350 milliseconds.",1951,130,2,2,https://reqres.in/api/users?page=2,681,0,578
1632161000477,21965,HTTP Request,200,OK,Thread Group 1-2,text,false,"The operation lasted too long: It took 21,965 milliseconds, but should not have lasted longer than 350 milliseconds.",1951,130,1,1,https://reqres.in/api/users?page=2,21960,0,21852
1632161183775,5443,HTTP Request,200,OK,Thread Group 1-1,text,false,"The operation lasted too long: It took 5,443 milliseconds, but should not have lasted longer than 4,500 milliseconds.",43397,267,3,5,https://lifecharger.org/2-minute-rule/,2080,0,945
1632161183775,2080,HTTP Request-0,301,Moved Permanently,Thread Group 1-1,text,true,,979,133,3,5,https://lifecharger.org/2-minute-rule,2080,0,945
1632161185855,3363,HTTP Request-1,200,OK,Thread Group 1-1,text,true,,42418,134,3,5,https://lifecharger.org/2-minute-rule/,1826,0,0
1632161185770,7259,HTTP Request,200,OK,Thread Group 1-2,text,false,"The operation lasted too long: It took 7,259 milliseconds, but should not have lasted longer than 4,500 milliseconds.",43397,267,4,7,https://lifecharger.org/2-minute-rule/,3157,0,1959
1632161185770,3157,HTTP Request-0,301,Moved Permanently,Thread Group 1-2,text,true,,979,133,4,7,https://lifecharger.org/2-minute-rule,3157,0,1959
1632161188928,4101,HTTP Request-1,200,OK,Thread Group 1-2,text,true,,42418,134,4,7,https://lifecharger.org/2-minute-rule/,1834,0,0
1632161189769,8450,HTTP Request,200,OK,Thread Group 1-4,text,false,"The operation lasted too long: It took 8,450 milliseconds, but should not have lasted longer than 4,500 milliseconds.",43397,267,3,5,https://lifecharger.org/2-minute-rule/,3043,0,951
1632161189769,3043,HTTP Request-0,301,Moved Permanently,Thread Group 1-4,text,true,,979,133,3,5,https://lifecharger.org/2-minute-rule,3043,0,951
1632161192814,5405,HTTP Request-1,200,OK,Thread Group 1-4,text,true,,42418,134,3,5,https://lifecharger.org/2-minute-rule/,1895,0,0
1632161191771,6868,HTTP Request,200,OK,Thread Group 1-5,text,false,"The operation lasted too long: It took 6,868 milliseconds, but should not have lasted longer than 4,500 milliseconds.",43397,267,2,4,https://lifecharger.org/2-minute-rule/,3807,0,2595
1632161191771,3807,HTTP Request-0,301,Moved Permanently,Thread Group 1-5,text,true,,979,133,2,4,https://lifecharger.org/2-minute-rule,3807,0,2595
1632161195579,3060,HTTP Request-1,200,OK,Thread Group 1-5,text,true,,42418,134,2,4,https://lifecharger.org/2-minute-rule/,1873,0,0
1632161187769,27981,HTTP Request,200,OK,Thread Group 1-3,text,false,"The operation lasted too long: It took 27,981 milliseconds, but should not have lasted longer than 4,500 milliseconds.",43412,267,1,1,https://lifecharger.org/2-minute-rule/,19792,0,18575
1632161187769,19792,HTTP Request-0,301,Moved Permanently,Thread Group 1-3,text,true,,979,133,1,1,https://lifecharger.org/2-minute-rule,19792,0,18575
1632161207562,8188,HTTP Request-1,200,OK,Thread Group 1-3,text,true,,42433,134,1,1,https://lifecharger.org/2-minute-rule/,3551,0,0
1632161506920,5556,HTTP Request,200,OK,Thread Group 1-1,text,false,"The operation lasted too long: It took 5,556 milliseconds, but should not have lasted longer than 4,500 milliseconds.",43397,267,3,3,https://lifecharger.org/2-minute-rule/,2096,0,1001
1632161506920,2096,HTTP Request-0,301,Moved Permanently,Thread Group 1-1,text,true,,979,133,3,3,https://lifecharger.org/2-minute-rule,2096,0,1001
1632161509017,3459,HTTP Request-1,200,OK,Thread Group 1-1,text,true,,42418,134,3,3,https://lifecharger.org/2-minute-rule/,1858,0,0
1632161508917,5292,HTTP Request,200,OK,Thread Group 1-2,text,false,"The operation lasted too long: It took 5,292 milliseconds, but should not have lasted longer than 4,500 milliseconds.",43397,267,3,4,https://lifecharger.org/2-minute-rule/,2074,0,950
1632161508917,2074,HTTP Request-0,301,Moved Permanently,Thread Group 1-2,text,true,,979,133,3,4,https://lifecharger.org/2-minute-rule,2074,0,950
1632161510993,3216,HTTP Request-1,200,OK,Thread Group 1-2,text,true,,42418,134,3,4,https://lifecharger.org/2-minute-rule/,1245,0,0
1632161512922,5853,HTTP Request,200,OK,Thread Group 1-4,text,false,"The operation lasted too long: It took 5,853 milliseconds, but should not have lasted longer than 4,500 milliseconds.",43397,267,3,3,https://lifecharger.org/2-minute-rule/,2085,0,886
1632161512922,2085,HTTP Request-0,301,Moved Permanently,Thread Group 1-4,text,true,,979,133,3,3,https://lifecharger.org/2-minute-rule,2085,0,886
1632161515007,3768,HTTP Request-1,200,OK,Thread Group 1-4,text,true,,42418,134,3,3,https://lifecharger.org/2-minute-rule/,1849,0,0
1632161514923,12127,HTTP Request,200,OK,Thread Group 1-5,text,false,"The operation lasted too long: It took 12,127 milliseconds, but should not have lasted longer than 4,500 milliseconds.",43402,267,2,2,https://lifecharger.org/2-minute-rule/,6668,0,5563
1632161514923,6668,HTTP Request-0,301,Moved Permanently,Thread Group 1-5,text,true,,979,133,2,2,https://lifecharger.org/2-minute-rule,6668,0,5563
1632161521591,5459,HTTP Request-1,200,OK,Thread Group 1-5,text,true,,42423,134,2,2,https://lifecharger.org/2-minute-rule/,1935,0,0
1632161510934,25187,HTTP Request,200,OK,Thread Group 1-3,text,false,"The operation lasted too long: It took 25,187 milliseconds, but should not have lasted longer than 4,500 milliseconds.",43407,267,1,1,https://lifecharger.org/2-minute-rule/,18127,0,16941
1632161510934,18127,HTTP Request-0,301,Moved Permanently,Thread Group 1-3,text,true,,979,133,1,1,https://lifecharger.org/2-minute-rule,18127,0,16941
1632161529062,7059,HTTP Request-1,200,OK,Thread Group 1-3,text,true,,42428,134,1,1,https://lifecharger.org/2-minute-rule/,1989,0,0
1632161579584,7258,HTTP Request,200,OK,Thread Group 1-1,text,false,"The operation lasted too long: It took 7,258 milliseconds, but should not have lasted longer than 4,500 milliseconds.",43397,267,4,7,https://lifecharger.org/2-minute-rule/,4045,0,1806
1632161579584,4045,HTTP Request-0,301,Moved Permanently,Thread Group 1-1,text,true,,979,133,4,7,https://lifecharger.org/2-minute-rule,4045,0,1806
1632161583628,3214,HTTP Request-1,200,OK,Thread Group 1-1,text,true,,42418,134,4,7,https://lifecharger.org/2-minute-rule/,1255,0,0
1632161581581,5560,HTTP Request,200,OK,Thread Group 1-2,text,false,"The operation lasted too long: It took 5,560 milliseconds, but should not have lasted longer than 4,500 milliseconds.",43397,267,3,5,https://lifecharger.org/2-minute-rule/,2347,0,1071
1632161581581,2347,HTTP Request-0,301,Moved Permanently,Thread Group 1-2,text,true,,979,133,3,5,https://lifecharger.org/2-minute-rule,2347,0,1071
1632161583929,3212,HTTP Request-1,200,OK,Thread Group 1-2,text,true,,42418,134,3,5,https://lifecharger.org/2-minute-rule/,1908,0,0
1632161583580,4488,HTTP Request,200,OK,Thread Group 1-3,text,true,,43397,267,3,7,https://lifecharger.org/2-minute-rule/,2110,0,974
1632161583580,2110,HTTP Request-0,301,Moved Permanently,Thread Group 1-3,text,true,,979,133,3,7,https://lifecharger.org/2-minute-rule,2110,0,974
1632161585690,2378,HTTP Request-1,200,OK,Thread Group 1-3,text,true,,42418,134,3,7,https://lifecharger.org/2-minute-rule/,1774,0,0
1632161587582,7471,HTTP Request,200,OK,Thread Group 1-5,text,false,"The operation lasted too long: It took 7,471 milliseconds, but should not have lasted longer than 4,500 milliseconds.",43397,267,2,4,https://lifecharger.org/2-minute-rule/,1919,0,873
1632161587582,1919,HTTP Request-0,301,Moved Permanently,Thread Group 1-5,text,true,,979,133,2,4,https://lifecharger.org/2-minute-rule,1919,0,873
1632161589502,5551,HTTP Request-1,200,OK,Thread Group 1-5,text,true,,42418,134,2,4,https://lifecharger.org/2-minute-rule/,1111,0,0
1632161585581,10401,HTTP Request,200,OK,Thread Group 1-4,text,false,"The operation lasted too long: It took 10,401 milliseconds, but should not have lasted longer than 4,500 milliseconds.",43397,267,1,3,https://lifecharger.org/2-minute-rule/,2386,0,1321
1632161585581,2386,HTTP Request-0,301,Moved Permanently,Thread Group 1-4,text,true,,979,133,1,3,https://lifecharger.org/2-minute-rule,2386,0,1321
1632161587968,8014,HTTP Request-1,200,OK,Thread Group 1-4,text,true,,42418,134,1,3,https://lifecharger.org/2-minute-rule/,2126,0,0
1632163104835,4262,HTTP Request,200,OK,WEBSITE 1-1,text,true,,43402,267,3,7,https://lifecharger.org/2-minute-rule/,2343,0,1146
1632163104835,2343,HTTP Request-0,301,Moved Permanently,WEBSITE 1-1,text,true,,979,133,3,7,https://lifecharger.org/2-minute-rule,2343,0,1146
1632163107178,1919,HTTP Request-1,200,OK,WEBSITE 1-1,text,true,,42423,134,3,7,https://lifecharger.org/2-minute-rule/,1313,0,0
1632163106837,3731,HTTP Request,200,OK,WEBSITE 1-2,text,true,,43402,267,2,5,https://lifecharger.org/2-minute-rule/,2045,0,848
1632163106837,2045,HTTP Request-0,301,Moved Permanently,WEBSITE 1-2,text,true,,979,133,2,5,https://lifecharger.org/2-minute-rule,2045,0,848
1632163108881,1687,HTTP Request-1,200,OK,WEBSITE 1-2,text,true,,42423,134,2,5,https://lifecharger.org/2-minute-rule/,1148,0,0
1632163108837,4399,HTTP Request,200,OK,WEBSITE 1-3,text,true,,43397,267,3,9,https://lifecharger.org/2-minute-rule/,2057,0,968
1632163108837,2057,HTTP Request-0,301,Moved Permanently,WEBSITE 1-3,text,true,,979,133,3,9,https://lifecharger.org/2-minute-rule,2057,0,968
1632163110894,2342,HTTP Request-1,200,OK,WEBSITE 1-3,text,true,,42418,134,3,9,https://lifecharger.org/2-minute-rule/,1058,0,0
1632163110837,3512,HTTP Request,200,OK,WEBSITE 1-4,text,true,,43397,267,2,6,https://lifecharger.org/2-minute-rule/,1823,0,843
1632163110837,1823,HTTP Request-0,301,Moved Permanently,WEBSITE 1-4,text,true,,979,133,2,6,https://lifecharger.org/2-minute-rule,1823,0,843
1632163112661,1688,HTTP Request-1,200,OK,WEBSITE 1-4,text,true,,42418,134,2,6,https://lifecharger.org/2-minute-rule/,1137,0,0
1632163112836,3838,HTTP Request,200,OK,WEBSITE 1-5,text,true,,43397,267,1,5,https://lifecharger.org/2-minute-rule/,2022,0,838
1632163112836,2022,HTTP Request-0,301,Moved Permanently,WEBSITE 1-5,text,true,,979,133,1,5,https://lifecharger.org/2-minute-rule,2022,0,838
1632163114858,1816,HTTP Request-1,200,OK,WEBSITE 1-5,text,true,,42418,134,1,5,https://lifecharger.org/2-minute-rule/,1265,0,0
1632163154638,4276,HTTP Request,200,OK,WEBSITE 1-1,text,true,,43397,267,3,7,https://lifecharger.org/2-minute-rule/,2129,0,964
1632163154638,2129,HTTP Request-0,301,Moved Permanently,WEBSITE 1-1,text,true,,979,133,3,7,https://lifecharger.org/2-minute-rule,2129,0,964
1632163156767,2147,HTTP Request-1,200,OK,WEBSITE 1-1,text,true,,42418,134,3,7,https://lifecharger.org/2-minute-rule/,1142,0,0
1632163156634,4109,HTTP Request,200,OK,WEBSITE 1-2,text,true,,43402,267,3,9,https://lifecharger.org/2-minute-rule/,2019,0,940
1632163156634,2019,HTTP Request-0,301,Moved Permanently,WEBSITE 1-2,text,true,,979,133,3,9,https://lifecharger.org/2-minute-rule,2019,0,940
1632163158653,2090,HTTP Request-1,200,OK,WEBSITE 1-2,text,true,,42423,134,3,9,https://lifecharger.org/2-minute-rule/,1163,0,0
1632163158643,3560,HTTP Request,200,OK,WEBSITE 1-3,text,true,,43397,267,2,7,https://lifecharger.org/2-minute-rule/,1847,0,798
1632163158643,1847,HTTP Request-0,301,Moved Permanently,WEBSITE 1-3,text,true,,979,133,2,7,https://lifecharger.org/2-minute-rule,1847,0,798
1632163160490,1713,HTTP Request-1,200,OK,WEBSITE 1-3,text,true,,42418,134,2,7,https://lifecharger.org/2-minute-rule/,1186,0,0
1632163160653,4184,HTTP Request,200,OK,WEBSITE 1-4,text,true,,43397,267,2,6,https://lifecharger.org/2-minute-rule/,2031,0,936
1632163160653,2031,HTTP Request-0,301,Moved Permanently,WEBSITE 1-4,text,true,,979,133,2,6,https://lifecharger.org/2-minute-rule,2031,0,936
1632163162684,2153,HTTP Request-1,200,OK,WEBSITE 1-4,text,true,,42418,134,2,6,https://lifecharger.org/2-minute-rule/,1539,0,0
1632163162639,4277,HTTP Request,200,OK,WEBSITE 1-5,text,true,,43397,267,1,5,https://lifecharger.org/2-minute-rule/,2117,0,951
1632163162639,2117,HTTP Request-0,301,Moved Permanently,WEBSITE 1-5,text,true,,979,133,1,5,https://lifecharger.org/2-minute-rule,2117,0,951
1632163164757,2159,HTTP Request-1,200,OK,WEBSITE 1-5,text,true,,42418,134,1,5,https://lifecharger.org/2-minute-rule/,1214,0,0
1632163341924,3694,HTTP Request,200,OK,WEBSITE 1-1,text,true,,43397,267,2,5,https://lifecharger.org/2-minute-rule/,1888,0,820
1632163341924,1888,HTTP Request-0,301,Moved Permanently,WEBSITE 1-1,text,true,,979,133,2,5,https://lifecharger.org/2-minute-rule,1888,0,820
1632163343812,1806,HTTP Request-1,200,OK,WEBSITE 1-1,text,true,,42418,134,2,5,https://lifecharger.org/2-minute-rule/,1274,0,0
1632163343921,5520,HTTP Request,200,OK,WEBSITE 1-2,text,false,"The operation lasted too long: It took 5,520 milliseconds, but should not have lasted longer than 4,500 milliseconds.",43397,267,3,7,https://lifecharger.org/2-minute-rule/,2956,0,1837
1632163343921,2956,HTTP Request-0,301,Moved Permanently,WEBSITE 1-2,text,true,,979,133,3,7,https://lifecharger.org/2-minute-rule,2956,0,1837
1632163346877,2564,HTTP Request-1,200,OK,WEBSITE 1-2,text,true,,42418,134,3,7,https://lifecharger.org/2-minute-rule/,1320,0,0
1632163347919,4383,HTTP Request,200,OK,WEBSITE 1-4,text,true,,43402,267,3,8,https://lifecharger.org/2-minute-rule/,2201,0,948
1632163347919,2201,HTTP Request-0,301,Moved Permanently,WEBSITE 1-4,text,true,,979,133,3,8,https://lifecharger.org/2-minute-rule,2201,0,948
1632163350120,2182,HTTP Request-1,200,OK,WEBSITE 1-4,text,true,,42423,134,3,8,https://lifecharger.org/2-minute-rule/,1255,0,0
1632163345920,6455,HTTP Request,200,OK,WEBSITE 1-3,text,false,"The operation lasted too long: It took 6,455 milliseconds, but should not have lasted longer than 4,500 milliseconds.",43407,267,2,7,https://lifecharger.org/2-minute-rule/,3508,0,2205
1632163345920,3508,HTTP Request-0,301,Moved Permanently,WEBSITE 1-3,text,true,,979,133,2,7,https://lifecharger.org/2-minute-rule,3508,0,2205
1632163349428,2947,HTTP Request-1,200,OK,WEBSITE 1-3,text,true,,42428,134,2,7,https://lifecharger.org/2-minute-rule/,1301,0,0
1632163349923,4839,HTTP Request,200,OK,WEBSITE 1-5,text,false,"The operation lasted too long: It took 4,839 milliseconds, but should not have lasted longer than 4,500 milliseconds.",43397,267,1,6,https://lifecharger.org/2-minute-rule/,1967,0,942
1632163349923,1967,HTTP Request-0,301,Moved Permanently,WEBSITE 1-5,text,true,,979,133,1,6,https://lifecharger.org/2-minute-rule,1967,0,942
1632163351890,2872,HTTP Request-1,200,OK,WEBSITE 1-5,text,true,,42418,134,1,6,https://lifecharger.org/2-minute-rule/,1344,0,0
1632163405932,3663,HTTP Request,200,OK,WEBSITE 1-1,text,true,,43407,267,2,2,https://lifecharger.org/2-minute-rule/,1934,0,888
1632163405932,1934,HTTP Request-0,301,Moved Permanently,WEBSITE 1-1,text,true,,979,133,2,2,https://lifecharger.org/2-minute-rule,1934,0,888
1632163407867,1728,HTTP Request-1,200,OK,WEBSITE 1-1,text,true,,42428,134,2,2,https://lifecharger.org/2-minute-rule/,1188,0,0
1632163407928,6132,HTTP Request,200,OK,WEBSITE 1-2,text,false,"The operation lasted too long: It took 6,132 milliseconds, but should not have lasted longer than 4,500 milliseconds.",43397,267,4,7,https://lifecharger.org/2-minute-rule/,2017,0,944
1632163407928,2017,HTTP Request-0,301,Moved Permanently,WEBSITE 1-2,text,true,,979,133,4,7,https://lifecharger.org/2-minute-rule,2017,0,944
1632163409945,4115,HTTP Request-1,200,OK,WEBSITE 1-2,text,true,,42418,134,4,7,https://lifecharger.org/2-minute-rule/,1269,0,0
1632163409928,6095,HTTP Request,200,OK,WEBSITE 1-3,text,false,"The operation lasted too long: It took 6,095 milliseconds, but should not have lasted longer than 4,500 milliseconds.",43402,267,3,3,https://lifecharger.org/2-minute-rule/,2086,0,936
1632163409928,2086,HTTP Request-0,301,Moved Permanently,WEBSITE 1-3,text,true,,979,133,3,3,https://lifecharger.org/2-minute-rule,2086,0,936
1632163412014,4009,HTTP Request-1,200,OK,WEBSITE 1-3,text,true,,42423,134,3,3,https://lifecharger.org/2-minute-rule/,1797,0,0
1632163411927,4605,HTTP Request,200,OK,WEBSITE 1-4,text,false,"The operation lasted too long: It took 4,605 milliseconds, but should not have lasted longer than 4,500 milliseconds.",43402,267,2,2,https://lifecharger.org/2-minute-rule/,2941,0,1857
1632163411927,2941,HTTP Request-0,301,Moved Permanently,WEBSITE 1-4,text,true,,979,133,2,2,https://lifecharger.org/2-minute-rule,2941,0,1857
1632163414869,1663,HTTP Request-1,200,OK,WEBSITE 1-4,text,true,,42423,134,2,2,https://lifecharger.org/2-minute-rule/,1127,0,0
1632163413929,4049,HTTP Request,200,OK,WEBSITE 1-5,text,true,,43397,267,1,1,https://lifecharger.org/2-minute-rule/,2039,0,933
1632163413929,2039,HTTP Request-0,301,Moved Permanently,WEBSITE 1-5,text,true,,979,133,1,1,https://lifecharger.org/2-minute-rule,2039,0,933
1632163415968,2010,HTTP Request-1,200,OK,WEBSITE 1-5,text,true,,42418,134,1,1,https://lifecharger.org/2-minute-rule/,1102,0,0
1632163477521,5061,HTTP Request,200,OK,WEBSITE 1-1,text,false,"The operation lasted too long: It took 5,061 milliseconds, but should not have lasted longer than 4,500 milliseconds.",43397,267,3,5,https://lifecharger.org/2-minute-rule/,2188,0,982
1632163477521,2188,HTTP Request-0,301,Moved Permanently,WEBSITE 1-1,text,true,,979,133,3,5,https://lifecharger.org/2-minute-rule,2188,0,982
1632163479710,2872,HTTP Request-1,200,OK,WEBSITE 1-1,text,true,,42418,134,3,5,https://lifecharger.org/2-minute-rule/,1301,0,0
1632163479522,4896,HTTP Request,200,OK,WEBSITE 1-2,text,false,"The operation lasted too long: It took 4,896 milliseconds, but should not have lasted longer than 4,500 milliseconds.",43397,267,3,4,https://lifecharger.org/2-minute-rule/,2101,0,958
1632163479522,2101,HTTP Request-0,301,Moved Permanently,WEBSITE 1-2,text,true,,979,133,3,4,https://lifecharger.org/2-minute-rule,2101,0,958
1632163481623,2795,HTTP Request-1,200,OK,WEBSITE 1-2,text,true,,42418,134,3,4,https://lifecharger.org/2-minute-rule/,1621,0,0
1632163481525,4780,HTTP Request,200,OK,WEBSITE 1-3,text,false,"The operation lasted too long: It took 4,780 milliseconds, but should not have lasted longer than 4,500 milliseconds.",43397,267,3,4,https://lifecharger.org/2-minute-rule/,2106,0,955
1632163481525,2106,HTTP Request-0,301,Moved Permanently,WEBSITE 1-3,text,true,,979,133,3,4,https://lifecharger.org/2-minute-rule,2106,0,955
1632163483632,2673,HTTP Request-1,200,OK,WEBSITE 1-3,text,true,,42418,134,3,4,https://lifecharger.org/2-minute-rule/,1412,0,0
1632163483530,3736,HTTP Request,200,OK,WEBSITE 1-4,text,true,,43397,267,2,2,https://lifecharger.org/2-minute-rule/,2069,0,835
1632163483530,2069,HTTP Request-0,301,Moved Permanently,WEBSITE 1-4,text,true,,979,133,2,2,https://lifecharger.org/2-minute-rule,2069,0,835
1632163485600,1666,HTTP Request-1,200,OK,WEBSITE 1-4,text,true,,42418,134,2,2,https://lifecharger.org/2-minute-rule/,1128,0,0
1632163485532,10629,HTTP Request,200,OK,WEBSITE 1-5,text,false,"The operation lasted too long: It took 10,629 milliseconds, but should not have lasted longer than 4,500 milliseconds.",43397,267,1,1,https://lifecharger.org/2-minute-rule/,4315,0,3155
1632163485532,4315,HTTP Request-0,301,Moved Permanently,WEBSITE 1-5,text,true,,979,133,1,1,https://lifecharger.org/2-minute-rule,4315,0,3155
1632163489846,6315,HTTP Request-1,200,OK,WEBSITE 1-5,text,true,,42418,134,1,1,https://lifecharger.org/2-minute-rule/,1655,0,0
