timeStamp,elapsed,label,responseCode,responseMessage,threadName,dataType,success,failureMessage,bytes,sentBytes,grpThreads,allThreads,URL,Latency,IdleTime,Connect
1632161183777,542,HTTP Request,200,OK,Thread Group 2-1,text,false,"The operation lasted too long: It took 542 milliseconds, but should not have lasted longer than 350 milliseconds.",1959,130,1,2,https://reqres.in/api/users?page=2,542,0,411
1632161184321,132,HTTP Request,200,OK,Thread Group 2-1,text,true,,1941,130,1,2,https://reqres.in/api/users?page=2,131,0,0
1632161187769,1321,HTTP Request,200,OK,Thread Group 2-3,text,false,"The operation lasted too long: It took 1,321 milliseconds, but should not have lasted longer than 350 milliseconds.",1954,130,2,5,https://reqres.in/api/users?page=2,1321,0,1185
1632161189092,144,HTTP Request,200,OK,Thread Group 2-3,text,true,,1948,130,2,4,https://reqres.in/api/users?page=2,143,0,0
1632161191771,1604,HTTP Request,200,OK,Thread Group 2-5,text,false,"The operation lasted too long: It took 1,604 milliseconds, but should not have lasted longer than 350 milliseconds.",1947,130,3,6,https://reqres.in/api/users?page=2,1601,0,1453
1632161193376,134,HTTP Request,200,OK,Thread Group 2-5,text,true,,1947,130,3,6,https://reqres.in/api/users?page=2,134,0,0
1632161185770,21964,HTTP Request,200,OK,Thread Group 2-2,text,false,"The operation lasted too long: It took 21,964 milliseconds, but should not have lasted longer than 350 milliseconds.",1951,130,2,3,https://reqres.in/api/users?page=2,21960,0,21866
1632161207736,102,HTTP Request,200,OK,Thread Group 2-2,text,true,,1959,130,2,3,https://reqres.in/api/users?page=2,102,0,0
1632161189769,22462,HTTP Request,200,OK,Thread Group 2-4,text,false,"The operation lasted too long: It took 22,462 milliseconds, but should not have lasted longer than 350 milliseconds.",1947,130,1,2,https://reqres.in/api/users?page=2,22462,0,22360
1632161212233,98,HTTP Request,200,OK,Thread Group 2-4,text,true,,1953,130,1,2,https://reqres.in/api/users?page=2,97,0,0
1632161506930,319,HTTP Request,200,OK,GET API Test 2-1,text,true,,1947,130,1,3,https://reqres.in/api/users?page=2,318,0,251
1632161507251,61,HTTP Request,200,OK,GET API Test 2-1,text,true,,1955,130,1,3,https://reqres.in/api/users?page=2,61,0,0
1632161508928,272,HTTP Request,200,OK,GET API Test 2-2,text,true,,1944,130,1,4,https://reqres.in/api/users?page=2,272,0,205
1632161509202,60,HTTP Request,200,OK,GET API Test 2-2,text,true,,1948,130,1,4,https://reqres.in/api/users?page=2,59,0,0
1632161510930,271,HTTP Request,200,OK,GET API Test 2-3,text,true,,1947,130,1,5,https://reqres.in/api/users?page=2,271,0,201
1632161511202,76,HTTP Request,200,OK,GET API Test 2-3,text,true,,1947,130,1,5,https://reqres.in/api/users?page=2,76,0,0
1632161512931,349,HTTP Request,200,OK,GET API Test 2-4,text,true,,1943,130,1,5,https://reqres.in/api/users?page=2,349,0,255
1632161513281,510,HTTP Request,200,OK,GET API Test 2-4,text,false,"The operation lasted too long: It took 510 milliseconds, but should not have lasted longer than 350 milliseconds.",1947,130,1,5,https://reqres.in/api/users?page=2,93,0,0
1632161514929,916,HTTP Request,200,OK,GET API Test 2-5,text,false,"The operation lasted too long: It took 916 milliseconds, but should not have lasted longer than 350 milliseconds.",1942,130,1,6,https://reqres.in/api/users?page=2,915,0,686
1632161515846,547,HTTP Request,200,OK,GET API Test 2-5,text,false,"The operation lasted too long: It took 547 milliseconds, but should not have lasted longer than 350 milliseconds.",1950,130,1,5,https://reqres.in/api/users?page=2,106,0,0
1632161579587,629,HTTP Request,200,OK,GET API Test 2-1,text,false,"The operation lasted too long: It took 629 milliseconds, but should not have lasted longer than 350 milliseconds.",1945,130,1,3,https://reqres.in/api/users?page=2,628,0,488
1632161580217,142,HTTP Request,200,OK,GET API Test 2-1,text,true,,1953,130,1,3,https://reqres.in/api/users?page=2,142,0,0
1632161581588,596,HTTP Request,200,OK,GET API Test 2-2,text,false,"The operation lasted too long: It took 596 milliseconds, but should not have lasted longer than 350 milliseconds.",1951,130,1,4,https://reqres.in/api/users?page=2,596,0,449
1632161582186,144,HTTP Request,200,OK,GET API Test 2-2,text,true,,1953,130,1,4,https://reqres.in/api/users?page=2,144,0,0
1632161585588,1143,HTTP Request,200,OK,GET API Test 2-4,text,false,"The operation lasted too long: It took 1,143 milliseconds, but should not have lasted longer than 350 milliseconds.",1948,130,2,7,https://reqres.in/api/users?page=2,1142,0,1033
1632161586733,110,HTTP Request,200,OK,GET API Test 2-4,text,true,,1952,130,2,7,https://reqres.in/api/users?page=2,109,0,0
1632161587589,431,HTTP Request,200,OK,GET API Test 2-5,text,false,"The operation lasted too long: It took 431 milliseconds, but should not have lasted longer than 350 milliseconds.",1942,130,2,7,https://reqres.in/api/users?page=2,431,0,328
1632161588022,103,HTTP Request,200,OK,GET API Test 2-5,text,true,,1946,130,2,6,https://reqres.in/api/users?page=2,102,0,0
1632161583587,21761,HTTP Request,200,OK,GET API Test 2-3,text,false,"The operation lasted too long: It took 21,761 milliseconds, but should not have lasted longer than 350 milliseconds.",1953,130,1,2,https://reqres.in/api/users?page=2,21760,0,21659
1632161605350,103,HTTP Request,200,OK,GET API Test 2-3,text,true,,1945,130,1,2,https://reqres.in/api/users?page=2,102,0,0
1632163104838,498,HTTP Request,200,OK,GET API TEST 2-1,text,false,"The operation lasted too long: It took 498 milliseconds, but should not have lasted longer than 350 milliseconds.",1953,130,1,4,https://reqres.in/api/users?page=2,497,0,392
1632163105338,106,HTTP Request,200,OK,GET API TEST 2-1,text,true,,1949,130,1,4,https://reqres.in/api/users?page=2,105,0,0
1632163108839,435,HTTP Request,200,OK,GET API TEST 2-3,text,false,"The operation lasted too long: It took 435 milliseconds, but should not have lasted longer than 350 milliseconds.",1951,130,2,6,https://reqres.in/api/users?page=2,435,0,329
1632163109275,104,HTTP Request,200,OK,GET API TEST 2-3,text,true,,1947,130,2,6,https://reqres.in/api/users?page=2,103,0,0
1632163110839,439,HTTP Request,200,OK,GET API TEST 2-4,text,false,"The operation lasted too long: It took 439 milliseconds, but should not have lasted longer than 350 milliseconds.",1949,130,2,6,https://reqres.in/api/users?page=2,439,0,325
1632163111280,105,HTTP Request,200,OK,GET API TEST 2-4,text,true,,1945,130,2,6,https://reqres.in/api/users?page=2,105,0,0
1632163112840,418,HTTP Request,200,OK,GET API TEST 2-5,text,false,"The operation lasted too long: It took 418 milliseconds, but should not have lasted longer than 350 milliseconds.",1947,130,2,8,https://reqres.in/api/users?page=2,418,0,319
1632163113259,100,HTTP Request,200,OK,GET API TEST 2-5,text,true,,1949,130,2,8,https://reqres.in/api/users?page=2,99,0,0
1632163106841,21284,HTTP Request,200,OK,GET API TEST 2-2,text,false,"The operation lasted too long: It took 21,284 milliseconds, but should not have lasted longer than 350 milliseconds.",1949,130,1,3,https://reqres.in/api/users?page=2,21284,0,21224
1632163128127,61,HTTP Request,200,OK,GET API TEST 2-2,text,true,,1945,130,1,3,https://reqres.in/api/users?page=2,61,0,0
1632163154642,433,HTTP Request,200,OK,GET API TEST 2-1,text,false,"The operation lasted too long: It took 433 milliseconds, but should not have lasted longer than 350 milliseconds.",1944,130,1,4,https://reqres.in/api/users?page=2,433,0,332
1632163155077,115,HTTP Request,200,OK,GET API TEST 2-1,text,true,,1942,130,1,4,https://reqres.in/api/users?page=2,114,0,0
1632163156646,451,HTTP Request,200,OK,GET API TEST 2-2,text,false,"The operation lasted too long: It took 451 milliseconds, but should not have lasted longer than 350 milliseconds.",1943,130,1,5,https://reqres.in/api/users?page=2,450,0,322
1632163157099,107,HTTP Request,200,OK,GET API TEST 2-2,text,true,,1947,130,1,6,https://reqres.in/api/users?page=2,106,0,0
1632163160654,403,HTTP Request,200,OK,GET API TEST 2-4,text,false,"The operation lasted too long: It took 403 milliseconds, but should not have lasted longer than 350 milliseconds.",1945,130,2,8,https://reqres.in/api/users?page=2,403,0,302
1632163161058,100,HTTP Request,200,OK,GET API TEST 2-4,text,true,,1955,130,2,8,https://reqres.in/api/users?page=2,99,0,0
1632163162644,401,HTTP Request,200,OK,GET API TEST 2-5,text,false,"The operation lasted too long: It took 401 milliseconds, but should not have lasted longer than 350 milliseconds.",1943,130,2,9,https://reqres.in/api/users?page=2,401,0,302
1632163163046,103,HTTP Request,200,OK,GET API TEST 2-5,text,true,,1947,130,2,9,https://reqres.in/api/users?page=2,102,0,0
1632163158651,21322,HTTP Request,200,OK,GET API TEST 2-3,text,false,"The operation lasted too long: It took 21,322 milliseconds, but should not have lasted longer than 350 milliseconds.",1946,130,1,2,https://reqres.in/api/users?page=2,21321,0,21255
1632163179974,68,HTTP Request,200,OK,GET API TEST 2-3,text,true,,1944,130,1,2,https://reqres.in/api/users?page=2,68,0,0
1632163341928,415,HTTP Request,200,OK,GET API TEST 2-1,text,false,"The operation lasted too long: It took 415 milliseconds, but should not have lasted longer than 350 milliseconds.",1944,130,1,5,https://reqres.in/api/users?page=2,415,0,317
1632163342344,107,HTTP Request,200,OK,GET API TEST 2-1,text,true,,1944,130,1,5,https://reqres.in/api/users?page=2,106,0,0
1632163343929,407,HTTP Request,200,OK,GET API TEST 2-2,text,false,"The operation lasted too long: It took 407 milliseconds, but should not have lasted longer than 350 milliseconds.",1954,130,1,5,https://reqres.in/api/users?page=2,407,0,306
1632163344338,104,HTTP Request,200,OK,GET API TEST 2-2,text,true,,1944,130,1,6,https://reqres.in/api/users?page=2,103,0,0
1632163345929,400,HTTP Request,200,OK,GET API TEST 2-3,text,false,"The operation lasted too long: It took 400 milliseconds, but should not have lasted longer than 350 milliseconds.",1956,130,1,6,https://reqres.in/api/users?page=2,400,0,303
1632163346330,98,HTTP Request,200,OK,GET API TEST 2-3,text,true,,1948,130,1,6,https://reqres.in/api/users?page=2,98,0,0
1632163347927,21293,HTTP Request,200,OK,GET API TEST 2-4,text,false,"The operation lasted too long: It took 21,293 milliseconds, but should not have lasted longer than 350 milliseconds.",1946,130,2,2,https://reqres.in/api/users?page=2,21293,0,21222
1632163369220,61,HTTP Request,200,OK,GET API TEST 2-4,text,true,,1944,130,2,2,https://reqres.in/api/users?page=2,61,0,0
1632163349929,22488,HTTP Request,200,OK,GET API TEST 2-5,text,false,"The operation lasted too long: It took 22,488 milliseconds, but should not have lasted longer than 350 milliseconds.",1950,130,1,1,https://reqres.in/api/users?page=2,22488,0,22401
1632163372417,63,HTTP Request,200,OK,GET API TEST 2-5,text,true,,1944,130,1,1,https://reqres.in/api/users?page=2,63,0,0
1632163405931,341,HTTP Request,200,OK,GET API TEST 2-1,text,true,,1950,130,1,5,https://reqres.in/api/users?page=2,338,0,273
1632163406273,61,HTTP Request,200,OK,GET API TEST 2-1,text,true,,1952,130,1,5,https://reqres.in/api/users?page=2,61,0,0
1632163407941,264,HTTP Request,200,OK,GET API TEST 2-2,text,true,,1950,130,1,4,https://reqres.in/api/users?page=2,264,0,202
1632163408206,69,HTTP Request,200,OK,GET API TEST 2-2,text,true,,1950,130,1,4,https://reqres.in/api/users?page=2,69,0,0
1632163409943,271,HTTP Request,200,OK,GET API TEST 2-3,text,true,,1947,130,1,4,https://reqres.in/api/users?page=2,270,0,200
1632163410214,64,HTTP Request,200,OK,GET API TEST 2-3,text,true,,1951,130,1,4,https://reqres.in/api/users?page=2,64,0,0
1632163411941,1808,HTTP Request,200,OK,GET API TEST 2-4,text,false,"The operation lasted too long: It took 1,808 milliseconds, but should not have lasted longer than 350 milliseconds.",1945,130,1,6,https://reqres.in/api/users?page=2,1138,0,617
1632163413751,60,HTTP Request,200,OK,GET API TEST 2-4,text,true,,1945,130,1,6,https://reqres.in/api/users?page=2,60,0,0
1632163413943,267,HTTP Request,200,OK,GET API TEST 2-5,text,true,,1946,130,1,6,https://reqres.in/api/users?page=2,266,0,202
1632163414210,64,HTTP Request,200,OK,GET API TEST 2-5,text,true,,1946,130,1,6,https://reqres.in/api/users?page=2,64,0,0
1632163477526,284,HTTP Request,200,OK,GET API TEST 2-1,text,true,,1954,130,1,5,https://reqres.in/api/users?page=2,284,0,220
1632163477810,63,HTTP Request,200,OK,GET API TEST 2-1,text,true,,1946,130,1,5,https://reqres.in/api/users?page=2,63,0,0
1632163479526,231,HTTP Request,200,OK,GET API TEST 2-2,text,true,,1955,130,1,5,https://reqres.in/api/users?page=2,230,0,171
1632163479758,60,HTTP Request,200,OK,GET API TEST 2-2,text,true,,1945,130,1,5,https://reqres.in/api/users?page=2,60,0,0
1632163481526,268,HTTP Request,200,OK,GET API TEST 2-3,text,true,,1943,130,1,6,https://reqres.in/api/users?page=2,268,0,202
1632163481795,64,HTTP Request,200,OK,GET API TEST 2-3,text,true,,1943,130,1,6,https://reqres.in/api/users?page=2,63,0,0
1632163483526,253,HTTP Request,200,OK,GET API TEST 2-4,text,true,,1946,130,1,6,https://reqres.in/api/users?page=2,253,0,181
1632163483780,65,HTTP Request,200,OK,GET API TEST 2-4,text,true,,1940,130,1,6,https://reqres.in/api/users?page=2,64,0,0
1632163485528,279,HTTP Request,200,OK,GET API TEST 2-5,text,true,,1954,130,1,7,https://reqres.in/api/users?page=2,279,0,215
1632163485808,72,HTTP Request,200,OK,GET API TEST 2-5,text,true,,1948,130,1,7,https://reqres.in/api/users?page=2,71,0,0
