{
  "Total" : {
    "transaction" : "Total",
    "sampleCount" : 8587,
    "errorCount" : 0,
    "errorPct" : 0.0,
    "meanResTime" : 286.0959590078024,
    "medianResTime" : 257.0,
    "minResTime" : 217.0,
    "maxResTime" : 2824.0,
    "pct1ResTime" : 303.0,
    "pct2ResTime" : 352.0,
    "pct3ResTime" : 1254.0,
    "throughput" : 115.0902681910174,
    "receivedKBytesPerSec" : 219.01584499520848,
    "sentKBytesPerSec" : 14.611069203937756
  },
  "User List Api" : {
    "transaction" : "User List Api",
    "sampleCount" : 8587,
    "errorCount" : 0,
    "errorPct" : 0.0,
    "meanResTime" : 286.0959590078024,
    "medianResTime" : 257.0,
    "minResTime" : 217.0,
    "maxResTime" : 2824.0,
    "pct1ResTime" : 303.0,
    "pct2ResTime" : 352.0,
    "pct3ResTime" : 1254.0,
    "throughput" : 115.0902681910174,
    "receivedKBytesPerSec" : 219.01584499520848,
    "sentKBytesPerSec" : 14.611069203937756
  }
}