{
  "Total" : {
    "transaction" : "Total",
    "sampleCount" : 2925,
    "errorCount" : 0,
    "errorPct" : 0.0,
    "meanResTime" : 6217.630427350419,
    "medianResTime" : 804.0,
    "minResTime" : 716.0,
    "maxResTime" : 22675.0,
    "pct1ResTime" : 21688.0,
    "pct2ResTime" : 21707.0,
    "pct3ResTime" : 21749.0,
    "throughput" : 15.99488163787588,
    "receivedKBytesPerSec" : 14.005683779481163,
    "sentKBytesPerSec" : 3.248960332693538
  },
  "HTTP Request" : {
    "transaction" : "HTTP Request",
    "sampleCount" : 2925,
    "errorCount" : 0,
    "errorPct" : 0.0,
    "meanResTime" : 6217.630427350419,
    "medianResTime" : 804.0,
    "minResTime" : 716.0,
    "maxResTime" : 22675.0,
    "pct1ResTime" : 21688.0,
    "pct2ResTime" : 21707.0,
    "pct3ResTime" : 21749.0,
    "throughput" : 15.99488163787588,
    "receivedKBytesPerSec" : 14.005683779481163,
    "sentKBytesPerSec" : 3.248960332693538
  }
}