{
  "Total" : {
    "transaction" : "Total",
    "sampleCount" : 4442,
    "errorCount" : 1473,
    "errorPct" : 33.16074,
    "meanResTime" : 9709.863574966217,
    "medianResTime" : 3823.0,
    "minResTime" : 3721.0,
    "maxResTime" : 26080.0,
    "pct1ResTime" : 24702.0,
    "pct2ResTime" : 24727.0,
    "pct3ResTime" : 24899.689999999995,
    "throughput" : 18.31465584774345,
    "receivedKBytesPerSec" : 33.171074609958026,
    "sentKBytesPerSec" : 2.3429881992718666
  },
  "DELAYED RESPONSE" : {
    "transaction" : "DELAYED RESPONSE",
    "sampleCount" : 4442,
    "errorCount" : 1473,
    "errorPct" : 33.16074,
    "meanResTime" : 9709.863574966217,
    "medianResTime" : 3823.0,
    "minResTime" : 3721.0,
    "maxResTime" : 26080.0,
    "pct1ResTime" : 24702.0,
    "pct2ResTime" : 24727.0,
    "pct3ResTime" : 24899.689999999995,
    "throughput" : 18.31465584774345,
    "receivedKBytesPerSec" : 33.171074609958026,
    "sentKBytesPerSec" : 2.3429881992718666
  }
}