{
  "Single User Data API" : {
    "transaction" : "Single User Data API",
    "sampleCount" : 10471,
    "errorCount" : 0,
    "errorPct" : 0.0,
    "meanResTime" : 286.2826855123668,
    "medianResTime" : 264.0,
    "minResTime" : 216.0,
    "maxResTime" : 1556.0,
    "pct1ResTime" : 336.0,
    "pct2ResTime" : 375.0,
    "pct3ResTime" : 756.5600000000013,
    "throughput" : 149.22331480689755,
    "receivedKBytesPerSec" : 174.524118880932,
    "sentKBytesPerSec" : 18.21573667076386
  },
  "Total" : {
    "transaction" : "Total",
    "sampleCount" : 10471,
    "errorCount" : 0,
    "errorPct" : 0.0,
    "meanResTime" : 286.2826855123668,
    "medianResTime" : 264.0,
    "minResTime" : 216.0,
    "maxResTime" : 1556.0,
    "pct1ResTime" : 336.0,
    "pct2ResTime" : 375.0,
    "pct3ResTime" : 756.5600000000013,
    "throughput" : 149.22331480689755,
    "receivedKBytesPerSec" : 174.524118880932,
    "sentKBytesPerSec" : 18.21573667076386
  }
}