{
  "Create User Api" : {
    "transaction" : "Create User Api",
    "sampleCount" : 5347,
    "errorCount" : 10,
    "errorPct" : 0.18702076,
    "meanResTime" : 458.53188703946256,
    "medianResTime" : 453.0,
    "minResTime" : 263.0,
    "maxResTime" : 15830.0,
    "pct1ResTime" : 480.0,
    "pct2ResTime" : 485.0,
    "pct3ResTime" : 507.0,
    "throughput" : 57.39834256515952,
    "receivedKBytesPerSec" : 51.18483838601378,
    "sentKBytesPerSec" : 12.331675160483488
  },
  "Total" : {
    "transaction" : "Total",
    "sampleCount" : 10715,
    "errorCount" : 10,
    "errorPct" : 0.09332711,
    "meanResTime" : 360.29258049463505,
    "medianResTime" : 414.0,
    "minResTime" : 216.0,
    "maxResTime" : 15830.0,
    "pct1ResTime" : 473.0,
    "pct2ResTime" : 480.0,
    "pct3ResTime" : 502.0,
    "throughput" : 113.51116572736133,
    "receivedKBytesPerSec" : 158.7268391768454,
    "sentKBytesPerSec" : 19.389104477414296
  },
  "User List Api" : {
    "transaction" : "User List Api",
    "sampleCount" : 5368,
    "errorCount" : 0,
    "errorPct" : 0.0,
    "meanResTime" : 262.43759314456094,
    "medianResTime" : 253.0,
    "minResTime" : 216.0,
    "maxResTime" : 1331.0,
    "pct1ResTime" : 291.0,
    "pct2ResTime" : 315.0,
    "pct3ResTime" : 452.8600000000024,
    "throughput" : 57.13677488025545,
    "receivedKBytesPerSec" : 108.72808841138904,
    "sentKBytesPerSec" : 7.25369212346993
  }
}